member_casual,avg_distance_km
casual,2.18913481557037
member,2.18474635460314